﻿Judet;Count of Trafic
Vrancea;88
Vaslui;48
Valcea;37
Tulcea;36
Timis;42
Teleorman;39
Suceava;37
Sibiu;93
Satu Mare;3
Salaj;46
Prahova;99
Olt;53
Neamt;75
Mures;62
Mehedinti;33
Maramures;28
Ilfov;17
Iasi;150
Ialomita;45
Hunedoara;31
Harghita;6
Gorj;38
Giurgiu;43
Galati;154
Dolj;202
Dambovita;71
Covasna;18
Constanta;92
Cluj;61
Caras-Severin;44
Calarasi;56
Buzau;28
Bucharest;71
Brasov;89
Braila;72
Botosani;56
Bistrita-Nasaud;25
Bihor;84
Bacau;137
Arges;85
Arad;29
Alba;28
